{
    "headline": "2011 in the environment", 
    "text": "   A town clock, stopped at 3pm, seen in the tsunami-devastated city of Kesennuma, Miyagi prefecture, northern Japan, about 300km north of Tokyo. The magnitude 9.0 earthquake hit at 2.46pm and the first wave of tsunamis reached the city at 3.01pm on 11 March. Photograph: Kimimasa Mayama/EPA       Satellite image shows cyclone Yasi approaching the coast of Australia. Photograph: US Naval Research Laboratory       Thursday 24 March 2011: oil is seen on the water surface in a creek near an illegal oil refinery in Ogoniland, outside Port Harcourt, in Nigeria's delta region Photograph: Sunday Alamba/AP       Forest of Dean protesters fight a planned sell-off of woodland that the government eventually abandoned Photograph: Adrian Sherratt       Farmers work as flood waters from the Mississippi river creep across their fields . Photograph: Dave Martin/AP       The WWF, Friends of the Earth and Greenpeace celebrated big anniversaries this year. Here Friends of the Earth activists deposit non-returnable bottles outside the Schweppes headquarters in Connaught Place, London in 1971 Photograph: PA/PA Archive/Press Association Ima       Slash-and-burn forest clearing along the Xingu river in the state of Mato Grosso, Brazil Photograph: ISS/NASA       White-cheeked crested gibbon (Nomascus leucogenys) in Vietnam. The only known 'viable' community of the critically endangered species was found there Photograph: Terry Whittaker/Conservation International       Destroyed vehicles and buildings litter a neighbourhood after a devastating tornado hit Joplin, Missouri on 23 May 2011 Photograph: Ed Zurga/Reuters       Anti-carbon tax protesters known as the Convoy of No Confidence listen to speeches in front of Parliament House in Canberra, Australia Photograph: Torsten Blackwood/AFP/Getty Images       A Chinese farmer showing a dry reservoir as drought hit Guiyang, in the south-western Guizhou province Photograph: STR/AFP/Getty Images       A polar bear returns to a whale carcass to feed at dusk Photograph:  Will Rose and Kajsa Sjlander/70 North/Greenpeace       Residents of rural communities in Mexico remain in their houses as a large forest fire approaches on 27 April 2011 Photograph: Miguel Sierra/EPA       People demonstrate against shale gas exploration in Ardeche, central France Photograph: JEAN-PIERRE CLATOT/AFP/Getty Images       St Paul's Cathedral seen through smog in central London Photograph: CARL DE SOUZA/AFP/Getty Images       Kenyan environmentalist and human rights campaigner and Nobel peace rpize winner Wangari Maathai, who died in September Photograph: Micheline Pelletier/Corbis       A man tries to fix his car which broke down amid floodwater in September in Digri, Pakistan Photograph: Warrick Page/UNICEF/Getty Images       A sign protesting against the Keystone XL pipeline stands next to an inflatable Earth outside a state department public hearing in Washington, US Photograph: Andrew Harrer/Getty Images       Heavy rain falls over the city of Bangkok at sunset during the monsoon season in September Photograph: Nicolas Asfouri/AFP/Getty Images       A sedated black rhino - one of the species on the IUCN 'red list' - is carried by military helicopter away from a poaching area in the hills of the Eastern Cape, South Africa Photograph: GREEN RENAISSANCE/www.greenrenaissance.co.za / HANDOUT/EPA       The sun rises on another smoggy day in Beijing, China Photograph: Adrian Bradshaw/EPA       A woman fetches water in Lake Turkana in the drought-hit Kenyan Rift Valley Photograph: Simon Maina/AFP/Getty Images       Ministers gather in a huddle at the COP17 talks in Durban, where agreement was reached to extend the Kyoto protocol Photograph: Reuters  ", 
    "section": "environment", 
    "gid": "environment/gallery/2012/jan/01/2011-in-environment-in-pictures", 
    "wordcount": "0"
}