{
    "headline": "Share your iPod photos and memories with us", 
    "text": "On October 23 2001, Steve Jobs unveiled the iPod to the world. 15 years on and six generation iPods later wed like to hear your memories of the innovate MP3 player.    Related: Happy 15th birthday iPod! Readers share their memories of the classic MP3 player    Perhaps you still have a first generation iPod Classic that you use today, or have collected the various designs over the years? You can share your photos and memories with us by clicking on the Contribute button or by filling in our form below. Well include some of your contributions in our ongoing reporting.     ", 
    "section": "technology", 
    "gid": "technology/2016/oct/24/share-your-ipod-photos-and-memories-with-us", 
    "wordcount": "87"
}