{
    "headline": "Have you spotted the Orionid meteor shower?", 
    "text": "Local weather conditions permitting, the next few days are the prime time for spotting the Orionid meteor shower. The Orionids, formed from the debris of Halleys comet, are so called as the area of the sky they appear to come from is a region to the north of constellation Orions bright star Betelgeuse. If youre staying up late (or getting up early) and are lucky enough to spot the Orionids, wed love to see your photos here at GuardianWitness.   Related: Starwatch: The October night sky    How to contribute Share your photos by clicking on the blue Contribute button on this article. You can also use the Guardian app and search for GuardianWitness assignments.  GuardianWitness is the home of readers content on the Guardian. Contribute your video, pictures and stories, and browse news, reviews and creations submitted by others. ", 
    "section": "science", 
    "gid": "science/2016/oct/20/have-you-spotted-the-orionid-meteor-shower", 
    "wordcount": "136"
}