{
    "headline": "Evolution in action", 
    "text": "    Central Africa&apos;s roiling, rapid Lower Congo River is home to an extraordinary assortment of fish -- many truly bizarre (see above). In this video, we follow Melanie Stiassny, Curator of Ichthyology at the American Museum of Natural History, as she and her team search the Lower Congo River&apos;s mysterious depths for an evolutionary driver that may help us understand why so many species have evolved in this particular region.               Visit AMNHorg&apos;s YouTube channel [video link].  The American Museum of Natural History is on facebook and can also be found on twitter @AMNH  .. .. .. .. .. .. .. .. .. .. .. ..  twitter: @GrrlScientist facebook: grrlscientistevil google+: grrlscientistemail: grrlscientist@gmail.com", 
    "section": "science", 
    "gid": "science/grrlscientist/2012/jan/03/1", 
    "wordcount": "101"
}