{
    "headline": "Last art history A-level axed after Michael Gove cull of 'soft' subjects", 
    "text": "The last exam board in England offering art history A-level will drop the subject from 2018, marking the latest in a cull of perceived soft subjects following the curriculum changes begun by the former education secretary Michael Gove.   Related: 'A miserable and short-sighted decision': readers defend axed art history A-level    The exam board, AQA, which had described history of art as a subject leading students to an appreciation of some significant themes, from classical Greece to the end of the 20th century  confirmed that students taking AS exams in the subject next year and A-levels in 2018 will be the last of their kind. The Association of Art Historians called the decision a significant loss of access to a range of cultures, artefacts and ideas for young people.  It added: Being able to signpost educational opportunities such as an A-level in art history to students who may never have considered this an opportunity, forms a significant part of our campaign work with partners across west Yorkshire, Bristol, Brighton and Sussex. The loss of that A-level means that for many prospective students of the subject that door will close and future opportunities [will be] lost. A spokeswoman from AQA said the decision to drop the subject had been difficult. Our number one priority is making sure every student gets the result they deserve  and the complex and specialist nature of the exams in this subject creates too many risks on that front. Thats why weve taken the difficult decision not to continue our work creating a new AS and A-level. Our decision has nothing to do with the importance of the history of art, and it wont stop students going on to do a degree in it as were not aware of any universities that require an A-level in the subject. Only 839 students sat the A-level exam this summer, and history of art is only offered in a handful of state schools, but she insisted the low numbers [and therefore high cost to AQA of setting the exam] were not the main reason for dropping it. But its true to say that the small number of students combined with the way the subject has to be assessed [ie the large number of specialist options] is what creates the risks we refer to in our response.   Related: Goodbye art history A-level, you served the elite well | Jonathan Jones    The association said it recognised many of the challenges faced by curriculum authorities and that it was anxious to work with them to help mitigate the risks cited by AQA. Caroline Osborne, an art history teacher for more than 30 years, and a founder trustee of the Art History In Schools campaign group, called the decision to drop the A-level crazy, completely crazy. She added: The timing is insane. AQA is saying there arent enough teachers to teach the subject - that is one of the very subjects that we have founded this organisation to address. One art history teacher, who asked to remain anonymous, described the decision as really sad and incredibly short-sighted  and directly caused by government interference.", 
    "section": "education", 
    "gid": "education/2016/oct/12/last-art-history-a-level-axed-after-michael-gove-cull-of-soft-subjects", 
    "wordcount": "499"
}